{"properties": [
  {
    "name": "spring.mail.properties,mail.smtp.starttls.enable",
    "type": "java.lang.String",
    "description": "A description for 'spring.mail.properties,mail.smtp.starttls.enable'"
  },
  {
    "name": "spring.mail.smtp.starttls.enable",
    "type": "java.lang.String",
    "description": "A description for 'spring.mail.smtp.starttls.enable'"
  },
  {
    "name": "spring.mail.setTLS",
    "type": "java.lang.String",
    "description": "A description for 'spring.mail.setTLS'"
  }
]}